dimension,Pearson,Pearson_p,Spearman,Spearman_p,Kendalltau,Kendalltau_p,n
coherence,0.0358169602149339,0.6977399879965032,0.0124236013774747,0.8928692829878738,0.0099125141973624,0.9005627406566628,120
depth,0.3312318810274257,0.0002195701206574,0.3393807566647938,0.0001494393521277,0.2983229874469759,0.0001959370224256,120
progress,0.3577770951317943,0.0000602424105151,0.3373585001764817,0.0001645762787522,0.2769232697017694,0.0002535743159993,120
naturalness,-0.0908551188562711,0.3236948675868898,-0.0715937637111399,0.4371237523631667,-0.0604379355234967,0.4530683029943363,120
empathy,-0.0521853970591229,0.5713497591693615,-0.0157239813465725,0.8646521545008541,-0.0127919806769156,0.8737716937010009,120
mi_alignment,0.0337249569957353,0.7146071829931058,0.0319704291958247,0.7288607179188916,0.0273859637095130,0.7234257319422328,120
